[
    {
        "key": "dbln",
        "value": "%7B%2261586620133848%22%3A%22s1cw7L9R%22%7D",
        "domain": "facebook.com",
        "path": "/login/device-based/",
        "hostOnly": false,
        "creation": "2026-02-03T17:57:13.997Z",
        "lastAccessed": "2026-02-03T17:57:13.997Z"
    },
    {
        "key": "datr",
        "value": "uyp-aRUQx5oKXsIdFo7aEtHE",
        "domain": "facebook.com",
        "path": "/",
        "hostOnly": false,
        "creation": "2026-02-03T17:57:13.997Z",
        "lastAccessed": "2026-02-03T17:57:13.997Z"
    },
    {
        "key": "sb",
        "value": "uyp-aVYJder_3sCep-BQDHFt",
        "domain": "facebook.com",
        "path": "/",
        "hostOnly": false,
        "creation": "2026-02-03T17:57:13.997Z",
        "lastAccessed": "2026-02-03T17:57:13.997Z"
    },
    {
        "key": "locale",
        "value": "en_GB",
        "domain": "facebook.com",
        "path": "/",
        "hostOnly": false,
        "creation": "2026-02-03T17:57:13.997Z",
        "lastAccessed": "2026-02-03T17:57:13.997Z"
    },
    {
        "key": "vpd",
        "value": "v1%3B760x393x2.75",
        "domain": "facebook.com",
        "path": "/",
        "hostOnly": false,
        "creation": "2026-02-03T17:57:13.997Z",
        "lastAccessed": "2026-02-03T17:57:13.997Z"
    },
    {
        "key": "dpr",
        "value": "3.0234789848327637",
        "domain": "facebook.com",
        "path": "/",
        "hostOnly": false,
        "creation": "2026-02-03T17:57:13.997Z",
        "lastAccessed": "2026-02-03T17:57:13.997Z"
    },
    {
        "key": "ps_l",
        "value": "1",
        "domain": "facebook.com",
        "path": "/",
        "hostOnly": false,
        "creation": "2026-02-03T17:57:13.997Z",
        "lastAccessed": "2026-02-03T17:57:13.997Z"
    },
    {
        "key": "ps_n",
        "value": "1",
        "domain": "facebook.com",
        "path": "/",
        "hostOnly": false,
        "creation": "2026-02-03T17:57:13.997Z",
        "lastAccessed": "2026-02-03T17:57:13.997Z"
    },
    {
        "key": "m_pixel_ratio",
        "value": "2.75",
        "domain": "facebook.com",
        "path": "/",
        "hostOnly": false,
        "creation": "2026-02-03T17:57:13.997Z",
        "lastAccessed": "2026-02-03T17:57:13.997Z"
    },
    {
        "key": "wd",
        "value": "393x876",
        "domain": "facebook.com",
        "path": "/",
        "hostOnly": false,
        "creation": "2026-02-03T17:57:13.997Z",
        "lastAccessed": "2026-02-03T17:57:13.997Z"
    },
    {
        "key": "pas",
        "value": "61586548530822%3ABiE0Ys8LLJ%2C61586620133848%3AqIxYRyVYDw",
        "domain": "facebook.com",
        "path": "/",
        "hostOnly": false,
        "creation": "2026-02-03T17:57:13.997Z",
        "lastAccessed": "2026-02-03T17:57:13.997Z"
    },
    {
        "key": "x-referer",
        "value": "eyJyIjoiL2hvbWUucGhwIiwiaCI6Ii9ob21lLnBocCIsInMiOiJtIn0%3D",
        "domain": "facebook.com",
        "path": "/",
        "hostOnly": false,
        "creation": "2026-02-03T17:57:13.997Z",
        "lastAccessed": "2026-02-03T17:57:13.997Z"
    },
    {
        "key": "c_user",
        "value": "61586620133848",
        "domain": "facebook.com",
        "path": "/",
        "hostOnly": false,
        "creation": "2026-02-03T17:57:13.997Z",
        "lastAccessed": "2026-02-03T17:57:13.997Z"
    },
    {
        "key": "xs",
        "value": "32%3ASNO4sA_63LQgCw%3A2%3A1770141420%3A-1%3A-1",
        "domain": "facebook.com",
        "path": "/",
        "hostOnly": false,
        "creation": "2026-02-03T17:57:13.997Z",
        "lastAccessed": "2026-02-03T17:57:13.997Z"
    },
    {
        "key": "fr",
        "value": "1PE8fC97pqPtWuYJ7.AWdgwsvJTBJtRPm_iayAp2MczSCN6l3-yMhDRE_9THgVQNA7Otk.BpgidD..AAA.0.0.Bpgjbu.AWccspv3kDGAR_VqJssRN2I1Y9A",
        "domain": "facebook.com",
        "path": "/",
        "hostOnly": false,
        "creation": "2026-02-03T17:57:13.997Z",
        "lastAccessed": "2026-02-03T17:57:13.997Z"
    },
    {
        "key": "fbl_st",
        "value": "101018300%3BT%3A29502357",
        "domain": "facebook.com",
        "path": "/",
        "hostOnly": false,
        "creation": "2026-02-03T17:57:13.997Z",
        "lastAccessed": "2026-02-03T17:57:13.997Z"
    },
    {
        "key": "wl_cbv",
        "value": "v2%3Bclient_version%3A3070%3Btimestamp%3A1770141422",
        "domain": "facebook.com",
        "path": "/",
        "hostOnly": false,
        "creation": "2026-02-03T17:57:13.997Z",
        "lastAccessed": "2026-02-03T17:57:13.997Z"
    }
]
